id;address_1;address_2;city;postcode;country
b6bbfee3-fac1-4fd2-994d-c6d6e0d1a4af;Dakota Customer;Corporate Mandatory;Alexandreaport;didactic C;Ne
b1fb2082-62ac-46d7-baf8-28d9a5d14bf7;Pizza;interactive;Hintzview;orchid Leo;De
b0dcee5e-5729-4f9d-b30c-cde02674dba3;Neck quantifying object-oriented;azure optical Fresh;Wehnermouth;blue invoi;Sa
f688a185-0ff5-4bca-9bdb-2ca94a1f05f5;Tasty Cuban;deposit;Wilson;Personal c;Cz
0b8242d6-355f-45d9-b21b-ac4d9813408d;primary;Branding task-force;New Sigurd;USB implem;No
d3ec441d-5c61-461f-a1f5-e02ca3a40806;Soft Beauty;Awesome mint;Margeberg;Chicken ki;Gr
6233676a-12fe-46f4-9037-4640c58c0c09;deposit;USB Seamless Ergonomic;Maggiemouth;wireless R;Cu
37d118b3-a09a-4316-b765-7eae6b4b8a88;Branding;Chips South override;Shaniafurt;primary Un;Li
c7c20781-a96b-44f8-9403-174925f3c4d4;JSON;leverage index;Letitiafort;bypassing;Mo
c385367d-4e5d-4bc4-a2a6-9c493f7bceea;Steel Ergonomic;harness calculate sensor;Lake Reidmouth;Bedfordshi;Ma
